"id","type","name","date","country"
"Q20963","Episode","The Counter-Clock Incident","",""
"Q25366","Episode","Where No Man Has Gone Before","","1966-09-22"
"Q125917","Episode","Q2","",""
"Q426790","Episode","The Omega Glory","",""
"Q471896","Episode","In the Pale Moonlight","",""
"Q520622","Episode","Patterns of Force","",""
"Q722293","Episode","The Best of Both Worlds","","1990-06-18"
"Q744652","Episode","The Andorian Incident","",""
"Q796793","Episode","All Good Things...","","1994-05-23"
"Q796793","Episode","All Good Things...","","1994-05-23"
"Q897951","Episode","Message in a Bottle","",""
"Q981113","Episode","What Are Little Girls Made Of?","",""
"Q1016685","Episode","The Cloud","",""
"Q1027348","Episode","The Expanse","",""
"Q1027877","Episode","Crossfire","",""
"Q1058477","Episode","The Neutral Zone","","1988-05-16"
"Q1092502","Episode","Return to Grace","",""
"Q1136071","Episode","The Doomsday Machine","",""
"Q1136084","Episode","The Trouble With Tribbles","",""
"Q1315800","Episode","The Devil in the Dark","",""
"Q1392472","Episode","Skin of Evil","",""
"Q1847020","Episode","Carbon Creek","",""
"Q1916626","Episode","The Seventh","",""
"Q2004297","Episode","The Crossing","",""
"Q2139300","Episode","Cold Front","",""
"Q2153354","Episode","Anomaly","",""
"Q2313211","Episode","Oasis","",""
"Q2342342","Episode","The Catwalk","",""
"Q2390392","Episode","Fortunate Son","",""
"Q2406293","Episode","The Conscience of the King","",""
"Q2787702","Episode","Acquisition","",""
"Q2915551","Episode","The Inner Light","",""
"Q2984478","Episode","The Naked Time","","1966-01-01"
"Q2996346","Episode","North Star","",""
"Q3177080","Episode","Déjà Q","",""
"Q3204716","Episode","Stratagem","",""
"Q3280032","Episode","Conspiracy","",""
"Q3441834","Episode","Coming of Age","",""
"Q3441887","Episode","Elementary, Dear Data","","1988-12-05"
"Q3441896","Episode","The Schizoid Man","",""
"Q3441900","Episode","Unnatural Selection","",""
"Q3444409","Episode","The Royale","",""
"Q3444506","Episode","A Matter of Honor","",""
"Q3445450","Episode","When the Bough Breaks","",""
"Q3487137","Episode","Wolf in the Fold","",""
"Q3487169","Episode","A Private Little War","",""
"Q3487385","Episode","Spectre of the Gun","",""
"Q3487409","Episode","The Empath","",""
"Q3487421","Episode","The Squire of Gothos","",""
"Q3487430","Episode","The Return of the Archons","",""
"Q3487499","Episode","Assignment: Earth","",""
"Q3488439","Episode","Day of the Dove","",""
"Q3488474","Episode","The Immunity Syndrome","",""
"Q3488808","Episode","Wink of an Eye","",""
"Q3488820","Episode","Spock's Brain","",""
"Q3488835","Episode","The Ultimate Computer","",""
"Q3488866","Episode","Elaan of Troyius","",""
"Q3496188","Episode","The Offspring","",""
"Q3499742","Episode","Yesteryear","",""
"Q3506608","Episode","Requiem for Methuselah","",""
"Q3506645","Episode","Peak Performance","",""
"Q3506721","Episode","The Lights of Zetar","",""
"Q3507014","Episode","The Mark of Gideon","",""
"Q3507065","Episode","The Way to Eden","",""
"Q3514952","Episode","Darkling","",""
"Q3549975","Episode","Unimatrix Zero","",""
"Q3562193","Episode","Let That Be Your Last Battlefield","",""
"Q3615297","Episode","Doctor's Orders","",""
"Q4545107","Episode","...Nor the Battle to the Strong","",""
"Q4547735","Episode","11:59","",""
"Q4658168","Episode","A Matter of Time","",""
"Q4747498","Episode","Amok Time","","1967-09-15"
"Q4782889","Episode","Aquiel","",""
"Q4925626","Episode","Blaze of Glory","",""
"Q4927657","Episode","Blood Oath","",""
"Q4927975","Episode","Bloodlines","",""
"Q4944660","Episode","Borderland","",""
"Q5038249","Episode","Cardassians","",""
"Q5106979","Episode","Plato's Stepchildren","",""
"Q5142384","Episode","Cold Station 12","",""
"Q5166046","Episode","Conundrum","",""
"Q5188759","Episode","Crossover","",""
"Q5230255","Episode","Extinction","",""
"Q5242724","Episode","Dax","",""
"Q5242932","Episode","Day of Honor","",""
"Q5256284","Episode","Demons","",""
"Q5265257","Episode","Destiny","",""
"Q5282901","Episode","Distant Origin","",""
"Q5305068","Episode","Dragon's Teeth","",""
"Q5370534","Episode","Emergence","",""
"Q5374391","Episode","Empok Nor","",""
"Q5376099","Episode","Endgame","",""
"Q5380005","Episode","Ensign Ro","",""
"Q5421397","Episode","Explorers","",""
"Q5422685","Episode","Eye of the Beholder","",""
"Q5428534","Episode","Facets","",""
"Q5438625","Episode","Favorite Son","",""
"Q5452876","Episode","First Contact","",""
"Q5519638","Episode","Gambit","",""
"Q5918105","Episode","How Sharper Than a Serpent's Tooth","",""
"Q6002452","Episode","Imaginary Friend","",""
"Q6006311","Episode","Imperfection","",""
"Q6414725","Episode","Kir'Shara","",""
"Q6725235","Episode","Macrocosm","",""
"Q6746424","Episode","Man of the People","",""
"Q6812079","Episode","Meld","",""
"Q6926483","Episode","Move Along Home","",""
"Q6931590","Episode","Mudd's Passion","",""
"Q6991120","Episode","Nemesis","",""
"Q7092425","Episode","One","",""
"Q7093205","Episode","One Small Step","",""
"Q7134227","Episode","Paradise","",""
"Q7140870","Episode","Parturition","",""
"Q7162099","Episode","Pen Pals","",""
"Q7236386","Episode","Power Play","",""
"Q7242454","Episode","Prey","",""
"Q7243264","Episode","Prime Factors","",""
"Q7248297","Episode","Profit and Lace","",""
"Q7252175","Episode","Prototype","",""
"Q7311642","Episode","Remember","",""
"Q7311668","Episode","Remember Me","",""
"Q7314269","Episode","Repression","",""
"Q7397363","Episode","Sacrifice of Angels","",""
"Q7415701","Episode","Sanctuary","",""
"Q7423845","Episode","Sarek","",""
"Q7460758","Episode","Shadowplay","",""
"Q7525019","Episode","Sins of the Father","",""
"Q7557432","Episode","Soldiers of the Empire","",""
"Q7562328","Episode","Sons of Mogh","",""
"Q7602415","Episode","Starship Down","",""
"Q7603745","Episode","State of Flux","",""
"Q7604375","Episode","Statistical Probabilities","",""
"Q7630674","Episode","Sub Rosa","",""
"Q7649264","Episode","Suspicions","",""
"Q7677716","Episode","Take Me Out to the Holosuite","",""
"Q7703141","Episode","Terra Prime","",""
"Q7711875","Episode","The 37's","",""
"Q7712075","Episode","The Abandoned","",""
"Q7714639","Episode","The Ascent","",""
"Q7714714","Episode","The Assignment","",""
"Q7726666","Episode","The Collaborator","",""
"Q7727741","Episode","The Council","",""
"Q7730324","Episode","The Disease","",""
"Q7735700","Episode","The Game","",""
"Q7739598","Episode","The High Ground","",""
"Q7741062","Episode","The Hunted","",""
"Q7750621","Episode","The Masterpiece Society","",""
"Q7751507","Episode","The Mind's Eye","",""
"Q7752695","Episode","The Muse","",""
"Q7755633","Episode","The Outcast","",""
"Q7757264","Episode","The Pirates of Orion","",""
"Q7758878","Episode","The Quality of Life","",""
"Q7767762","Episode","The Sword of Kahless","",""
"Q7772167","Episode","The Vengeance Factor","",""
"Q7775217","Episode","The Wire","",""
"Q7798098","Episode","Threshold","",""
"Q7806584","Episode","Timescape","",""
"Q7808311","Episode","Tinker, Tenor, Doctor, Spy","",""
"Q7850228","Episode","Tsunkatse","",""
"Q7857147","Episode","Tuvix","",""
"Q7935331","Episode","Vis à Vis","",""
"Q7961167","Episode","Waking Moments","",""
"Q8563741","Episode","Flesh and Blood","",""
"Q11863377","Episode","The House of Quark","",""
"Q12031611","Episode","The Circle","",""
"Q12041709","Episode","The Homecoming","",""
"Q13115914","Episode","Investigations","",""
"Q13403516","Episode","Virtuoso","",""
"Q13639300","Episode","Jetrel","",""
"Q14045941","Episode","Brothers","",""
"Q15882750","Episode","","",""
"Q16743891","Episode","I, Borg","",""
"Q16744047","Episode","Half a Life","",""
"Q16744174","Episode","His Way","",""
"Q16744191","Episode","Natural Law","",""
"Q370412","Episode","Elogium","",""
"Q390014","Episode","Descent","",""
"Q602046","Episode","Cogenitor","",""
"Q722470","Episode","Yesterday's Enterprise","",""
"Q861673","Episode","First Flight","",""
"Q861686","Episode","Bounty","",""
"Q926323","Episode","Miri","",""
"Q1102231","Episode","Hide and Q","",""
"Q1287667","Episode","The Man Trap","","1966-01-01"
"Q1860938","Episode","Fusion","",""
"Q1967172","Episode","Rogue Planet","",""
"Q1975616","Episode","Unexpected","",""
"Q1976840","Episode","Time and Again","",""
"Q2086809","Episode","Shockwave","",""
"Q2122661","Episode","Dear Doctor","",""
"Q2133397","Episode","Fallen Hero","",""
"Q2213032","Episode","Sleeping Dogs","",""
"Q2402314","Episode","A Night in Sickbay","",""
"Q2469115","Episode","These Are the Voyages...","",""
"Q2528593","Episode","Rajiin","",""
"Q2606256","Episode","Awakening","",""
"Q2646751","Episode","Exile","",""
"Q2659593","Episode","Charlie X","","1966-01-01"
"Q2674495","Episode","Stigma","",""
"Q2743075","Episode","Impulse","",""
"Q2798685","Episode","The Forge","",""
"Q2836506","Episode","Dark Page","",""
"Q2955489","Episode","Dawn","",""
"Q2984502","Episode","The Enemy Within","","1966-01-01"
"Q3060753","Episode","Carpenter Street","",""
"Q3178411","Episode","Balance of Terror","",""
"Q3231795","Episode","Lonely Among Us","",""
"Q3435698","Episode","Where No One Has Gone Before","",""
"Q3441864","Episode","Time Squared","",""
"Q3441905","Episode","The Child","",""
"Q3444361","Episode","Loud as a Whisper","",""
"Q3444382","Episode","The Outrageous Okona","",""
"Q3487115","Episode","By Any Other Name","",""
"Q3487125","Episode","A Taste of Armageddon","",""
"Q3487395","Episode","Shore Leave","",""
"Q3487426","Episode","Friday's Child","",""
"Q3488452","Episode","For the World Is Hollow and I Have Touched the Sky","",""
"Q3488816","Episode","The Changeling","",""
"Q3488859","Episode","Errand of Mercy","",""
"Q3488875","Episode","The Deadly Years","",""
"Q3496861","Episode","Shades of Gray","",""
"Q3496861","Episode","Shades of Gray","",""
"Q3506683","Episode","The Savage Curtain","",""
"Q3506698","Episode","The Cloud Minders","",""
"Q3507037","Episode","The Measure of a Man","",""
"Q3507056","Episode","Past Prologue","",""
"Q3507140","Episode","Emissary","",""
"Q3511657","Episode","Unforgettable","",""
"Q3514957","Episode","Rise","",""
"Q3535952","Episode","Home","",""
"Q4660181","Episode","A Time to Stand","",""
"Q4689014","Episode","Affliction","",""
"Q4690723","Episode","Afterimage","",""
"Q4725701","Episode","Alice","",""
"Q4731367","Episode","Allegiance","",""
"Q4732489","Episode","Alliances","",""
"Q4736275","Episode","Alter Ego","",""
"Q4780087","Episode","Apocalypse Rising","",""
"Q4817884","Episode","Attached","",""
"Q4832296","Episode","Azati Prime","",""
"Q4837696","Episode","Babel One","",""
"Q4840668","Episode","Badda-Bing Badda-Bang","",""
"Q4857904","Episode","Bar Association","",""
"Q4867063","Episode","Basics","",""
"Q4870070","Episode","Battle Lines","",""
"Q4880854","Episode","Behind the Lines","",""
"Q4926829","Episode","Bliss","",""
"Q4927610","Episode","Blood Fever","",""
"Q5001844","Episode","Business as Usual","",""
"Q5036491","Episode","Captain's Holiday","",""
"Q5053018","Episode","Cathexis","",""
"Q5097656","Episode","Child's Play","",""
"Q5098503","Episode","Children of Time","",""
"Q5106989","Episode","The Tholian Web","",""
"Q5146129","Episode","Collective","",""
"Q5174778","Episode","Cost of Living","",""
"Q5211882","Episode","Damage","",""
"Q5224065","Episode","Darmok","",""
"Q5227090","Episode","Data's Day","",""
"Q5251542","Episode","Defiant","",""
"Q5251718","Episode","Space Seed","",""
"Q5251725","Episode","Journey to Babel","",""
"Q5252917","Episode","Tomorrow Is Yesterday","",""
"Q5282919","Episode","Distant Voices","",""
"Q5306226","Episode","Dreadnought","",""
"Q5308319","Episode","Drone","",""
"Q5368979","Episode","Emanations","",""
"Q5403445","Episode","Ethics","",""
"Q5419170","Episode","Ex Post Facto","",""
"Q5429820","Episode","Fair Haven","",""
"Q5429920","Episode","Fair Trade","",""
"Q5434517","Episode","Far Beyond the Stars","",""
"Q5444067","Episode","Ferengi Love Songs","",""
"Q5449415","Episode","Final Mission","",""
"Q5509836","Episode","Fury","",""
"Q5510597","Episode","Future's End","",""
"Q5881753","Episode","Hollow Pursuits","",""
"Q6007716","Episode","Improbable Cause","",""
"Q6010490","Episode","In Purgatory's Shadow","",""
"Q6012254","Episode","In the Hands of the Prophets","",""
"Q6035948","Episode","Innocence","",""
"Q6037663","Episode","Inside Man","",""
"Q6090638","Episode","It's Only a Paper Moon","",""
"Q6510101","Episode","Learning Curve","",""
"Q6517221","Episode","Legacy","",""
"Q6532683","Episode","Let He Who Is Without Sin...","",""
"Q6693437","Episode","Lower Decks","",""
"Q6815335","Episode","Memorial","",""
"Q6914361","Episode","Mortal Coil","",""
"Q6950089","Episode","Ménage à Troi","",""
"Q7075484","Episode","Observer Effect","",""
"Q7091852","Episode","Once Upon a Time","",""
"Q7093540","Episode","One of Our Planets Is Missing","",""
"Q7170394","Episode","Persistence of Vision","",""
"Q7248298","Episode","Profit and Loss","",""
"Q7265274","Episode","Q-Less","",""
"Q7268179","Episode","Qpid","",""
"Q7294741","Episode","Rascals","",""
"Q7312433","Episode","Renaissance Man","",""
"Q7313969","Episode","Repentance","",""
"Q7315598","Episode","Resistance","",""
"Q7317056","Episode","Retrospect","",""
"Q7318993","Episode","Revulsion","",""
"Q7332445","Episode","Riddles","",""
"Q7355570","Episode","Rocks and Shoals","",""
"Q7397085","Episode","Sacred Ground","",""
"Q7433765","Episode","Scientific Method","",""
"Q7443536","Episode","Second Sight","",""
"Q7443548","Episode","Second Skin","",""
"Q7460803","Episode","Shadows and Symbols","",""
"Q7559720","Episode","Someone to Watch Over Me","",""
"Q7562276","Episode","Sons and Daughters","",""
"Q7577884","Episode","Spirit Folk","",""
"Q7602421","Episode","Starship Mine","",""
"Q7712734","Episode","The Aenar","",""
"Q7719097","Episode","The Bonding","",""
"Q7730148","Episode","The Die Is Cast","",""
"Q7731084","Episode","The Drumhead","",""
"Q7734119","Episode","The First Duty","",""
"Q7734822","Episode","The Forgotten","",""
"Q7734869","Episode","The Forsaken","",""
"Q7743259","Episode","The Jihad","",""
"Q7752382","Episode","The Most Toys","",""
"Q7753005","Episode","The Nagus","",""
"Q7754466","Episode","The Nth Degree","",""
"Q7756499","Episode","The Pegasus","",""
"Q7763836","Episode","The Ship","",""
"Q7764112","Episode","The Siege","",""
"Q7767608","Episode","The Swarm","",""
"Q7773130","Episode","The Voyager Conspiracy","",""
"Q7784383","Episode","Things Past","",""
"Q7801142","Episode","Ties of Blood and Water","",""
"Q7804777","Episode","Time's Orphan","",""
"Q7811250","Episode","To the Death","",""
"Q7858507","Episode","Twisted","",""
"Q7911634","Episode","Valiant","",""
"Q7936219","Episode","Visionary","",""
"Q7966822","Episode","Waltz","",""
"Q8010281","Episode","Relativity","",""
"Q10361338","Episode","Rightful Heir","",""
"Q13115900","Episode","Initiations","",""
"Q14476529","Episode","The Q and the Grey","",""
"Q15131926","Episode","Pilgrim of Eternity","",""
"Q16744119","Episode","Silicon Avatar","",""
"Q16744121","Episode","Hero Worship","",""
"Q16744675","Episode","Human Error","",""
"Q20909","Episode","The Cage","","1988-10-15"
"Q81313","Episode","Little Green Men","",""
"Q269313","Episode","Deadlock","",""
"Q497320","Episode","Horizon","",""
"Q601736","Episode","The Breach","",""
"Q602612","Episode","Homefront","",""
"Q619989","Episode","The Menagerie","",""
"Q622282","Episode","The City on the Edge of Forever","",""
"Q653011","Episode","Q Who","",""
"Q764748","Episode","Regeneration","",""
"Q785059","Episode","The Battle","",""
"Q865358","Episode","Cause and Effect","",""
"Q901789","Episode","11001001","",""
"Q971746","Episode","Homeward","",""
"Q987352","Episode","Parallax","",""
"Q1027888","Episode","Paradise Lost","",""
"Q1185745","Episode","The Xindi","",""
"Q1329701","Episode","Equinox","",""
"Q2309926","Episode","Desert Crossing","",""
"Q2324529","Episode","Shadows of P'Jem","",""
"Q2406528","Episode","Canamar","",""
"Q2435282","Episode","Terra Nova","",""
"Q2465692","Episode","Silent Enemy","",""
"Q2653668","Episode","Singularity","",""
"Q2720471","Episode","Two Days and Two Nights","",""
"Q2944448","Episode","Twilight","",""
"Q3078761","Episode","Chosen Realm","",""
"Q3141435","Episode","Manhunt","",""
"Q3231807","Episode","The Naked Now","",""
"Q3239271","Episode","Encounter at Farpoint","",""
"Q3275179","Episode","Where Silence Has Lease","",""
"Q3312529","Episode","Mirror, Mirror","",""
"Q3435716","Episode","Datalore","",""
"Q3441872","Episode","Samaritan Snare","",""
"Q3444395","Episode","Heart of Glory","",""
"Q3444400","Episode","We'll Always Have Paris","",""
"Q3444431","Episode","Contagion","",""
"Q3444454","Episode","Home Soil","",""
"Q3444480","Episode","Symbiosis","",""
"Q3487187","Episode","Catspaw","",""
"Q3487379","Episode","Bread and Circuses","",""
"Q3487437","Episode","The Alternative Factor","",""
"Q3487459","Episode","Is There in Truth No Beauty?","",""
"Q3487465","Episode","Obsession","",""
"Q3496615","Episode","Masks","",""
"Q3497290","Episode","The Emissary","",""
"Q3499413","Episode","The Slaver Weapon","",""
"Q3507025","Episode","Babel","",""
"Q3507047","Episode","That Which Survives","",""
"Q3507079","Episode","Turnabout Intruder","",""
"Q3507090","Episode","A Man Alone","",""
"Q4540538","Episode","'Til Death Do Us Part","",""
"Q4656785","Episode","A Fistful of Datas","",""
"Q4659524","Episode","A Simple Investigation","",""
"Q4860559","Episode","Barge of the Dead","",""
"Q4880330","Episode","Before and After","",""
"Q4917094","Episode","Birthright","",""
"Q4926755","Episode","Blink of an Eye","",""
"Q4936845","Episode","Body Parts","",""
"Q4936885","Episode","Body and Soul","",""
"Q4942782","Episode","Booby Trap","",""
"Q4949851","Episode","Bound","",""
"Q4966112","Episode","Bride of Chaotica!","",""
"Q4973426","Episode","Broken Link","",""
"Q5003795","Episode","By Inferno's Light","",""
"Q5036940","Episode","Captive Pursuit","",""
"Q5124470","Episode","Civil Defense","",""
"Q5139940","Episode","Coda","",""
"Q5177009","Episode","Counterpoint","",""
"Q5178967","Episode","Covenant","",""
"Q5221200","Episode","This Side of Paradise","",""
"Q5231126","Episode","Family","",""
"Q5247250","Episode","Death Wish","",""
"Q5283895","Episode","Divergence","",""
"Q5307890","Episode","Drive","",""
"Q5312248","Episode","Duet","",""
"Q5418604","Episode","Evolution","",""
"Q5428381","Episode","Face of the Enemy","",""
"Q5428493","Episode","Faces","",""
"Q5432663","Episode","False Profits","",""
"Q5433061","Episode","Family Business","",""
"Q5447098","Episode","Field of Fire","",""
"Q5454276","Episode","Firstborn","",""
"Q5457585","Episode","Flashback","",""
"Q5518088","Episode","Galaxy's Child","",""
"Q5681083","Episode","Hatchery","",""
"Q5692366","Episode","Heart of Stone","",""
"Q5743163","Episode","Heroes and Demons","",""
"Q5768440","Episode","Hippocratic Oath","",""
"Q5896757","Episode","Honor Among Thieves","",""
"Q6011950","Episode","In the Cards","",""
"Q6046260","Episode","Interface","",""
"Q6270441","Episode","Ship in a Bottle","",""
"Q6273110","Episode","The Ambergris Element","",""
"Q6296296","Episode","Journey's End","",""
"Q6495479","Episode","Latent Image","",""
"Q6545463","Episode","Lifesigns","",""
"Q6553367","Episode","Lineage","",""
"Q6655128","Episode","Live Fast and Prosper","",""
"Q6940423","Episode","Muse","",""
"Q7033484","Episode","Night Terrors","",""
"Q7091827","Episode","Once Upon a Planet","",""
"Q7111082","Episode","Our Man Bashir","",""
"Q7180525","Episode","Phantasms","",""
"Q7203395","Episode","Playing God","",""
"Q7239746","Episode","Preemptive Strike","",""
"Q7248535","Episode","Progress","",""
"Q7249457","Episode","Projections","",""
"Q7301329","Episode","Realm of Fear","",""
"Q7311060","Episode","Relics","",""
"Q7317572","Episode","Reunion","",""
"Q7336981","Episode","Rivals","",""
"Q7443179","Episode","Second Chances","",""
"Q7490690","Episode","Shattered","",""
"Q7490705","Episode","Shattered Mirror","",""
"Q7620128","Episode","Storm Front","",""
"Q7633644","Episode","Suddenly Human","",""
"Q7647180","Episode","Survival Instinct","",""
"Q7688450","Episode","Tattoo","",""
"Q7691829","Episode","Tears of the Prophets","",""
"Q7712702","Episode","The Adversary","",""
"Q7722230","Episode","The Chase","",""
"Q7729055","Episode","The Darkness and the Light","",""
"Q7731917","Episode","The Emperor's New Cloak","",""
"Q7732922","Episode","The Eye of the Beholder","",""
"Q7733795","Episode","The Fight","",""
"Q7736403","Episode","The Gift","",""
"Q7739036","Episode","The Haunting of Deck Twelve","",""
"Q7741973","Episode","The Infinite Vulcan","",""
"Q7744356","Episode","The Killing Game","",""
"Q7748494","Episode","The Lorelei Signal","",""
"Q7748511","Episode","The Loss","",""
"Q7749553","Episode","The Magicks of Megas-tu","",""
"Q7749576","Episode","The Magnificent Ferengi","",""
"Q7750266","Episode","The Maquis","",""
"Q7759084","Episode","The Quickening","",""
"Q7765426","Episode","The Sound of Her Voice","",""
"Q7773066","Episode","The Void","",""
"Q7776238","Episode","The Wounded","",""
"Q7807780","Episode","Tin Man","",""
"Q7834056","Episode","Transfigurations","",""
"Q7847507","Episode","True Q","",""
"Q7884883","Episode","Unification","",""
"Q7941907","Episode","Vortex","",""
"Q7991486","Episode","What You Leave Behind","",""
"Q7992626","Episode","When It Rains…","",""
"Q7993981","Episode","Whispers","",""
"Q7997343","Episode","Who Mourns for Morn?","",""
"Q7997416","Episode","Who Watches the Watchers","",""
"Q8037123","Episode","Worst Case Scenario","",""
"Q8038644","Episode","Wrongs Darker Than Death or Night","",""
"Q8050895","Episode","Year of Hell","",""
"Q8057703","Episode","You are Cordially Invited...","",""
"Q8069524","Episode","Zero Hour","",""
"Q12036362","Episode","Melora","",""
"Q12041492","Episode","Necessary Evil","",""
"Q12059643","Episode","Tribunal","",""
"Q13479268","Episode","Ashes to Ashes","",""
"Q14643756","Episode","Think tank","",""
"Q16744016","Episode","Countdown (Star Trek: Enterprise)","",""
"Q16744084","Episode","Inter Arma Enim Silent Leges","",""
"Q16744120","Episode","New Ground","",""
"Q16744156","Episode","Image in the Sand","",""
"Q16744188","Episode","Favor the Bold","",""
"Q20912","Episode","The Galileo Seven","",""
"Q428500","Episode","Genesis","",""
"Q511593","Episode","Lessons","",""
"Q644743","Episode","Marauders","",""
"Q652999","Episode","The Big Goodbye","",""
"Q661255","Episode","Phage","",""
"Q762939","Episode","Shuttlepod One","",""
"Q866375","Episode","In a Mirror, Darkly","",""
"Q974108","Episode","Court Martial","",""
"Q1141170","Episode","Chain of Command","",""
"Q1187077","Episode","The Corbomite Maneuver","",""
"Q1935547","Episode","Minefield","",""
"Q1973469","Episode","Strange New World","",""
"Q1974429","Episode","Fight or Flight","",""
"Q1994530","Episode","Daedalus","",""
"Q2121683","Episode","Caretaker","",""
"Q2134825","Episode","Detained","",""
"Q2158401","Episode","Trials and Tribble-ations","",""
"Q2360335","Episode","Vox Sola","",""
"Q2364567","Episode","Civilization","",""
"Q2524188","Episode","Breaking the Ice","",""
"Q2620129","Episode","The Communicator","",""
"Q2629417","Episode","Broken Bow","",""
"Q2664096","Episode","Mudd's Women","","1966-01-01"
"Q2704591","Episode","Cease Fire","",""
"Q2785404","Episode","Vanishing Point","",""
"Q2811418","Episode","The Shipment","",""
"Q2843483","Episode","Judgment","",""
"Q2890937","Episode","The Visitor","",""
"Q2891237","Episode","Rejoined","",""
"Q2936269","Episode","Future Tense","",""
"Q3018316","Episode","Similitude","",""
"Q3107459","Episode","Dagger of the Mind","",""
"Q3177733","Episode","Proving Ground","",""
"Q3205380","Episode","Harbinger","",""
"Q3231770","Episode","Code of Honor","",""
"Q3231778","Episode","Haven","",""
"Q3231803","Episode","Angel One","",""
"Q3232629","Episode","The Last Outpost","",""
"Q3272694","Episode","The Survivors","",""
"Q3435679","Episode","Too Short a Season","",""
"Q3435829","Episode","The Arsenal of Freedom","",""
"Q3436313","Episode","Justice","",""
"Q3441800","Episode","The Icarus Factor","",""
"Q3441829","Episode","Up the Long Ladder","",""
"Q3444444","Episode","The Dauphin","",""
"Q3487183","Episode","And the Children Shall Lead","",""
"Q3487393","Episode","Metamorphosis","",""
"Q3487403","Episode","Who Mourns for Adonais?","",""
"Q3487442","Episode","Operation: Annihilate!","",""
"Q3487448","Episode","Whom Gods Destroy","",""
"Q3487454","Episode","A Piece of the Action","",""
"Q3487477","Episode","Return to Tomorrow","",""
"Q3487489","Episode","The Paradise Syndrome","",""
"Q3488424","Episode","I, Mudd","",""
"Q3488463","Episode","The Gamesters of Triskelion","",""
"Q3488489","Episode","The Enterprise Incident","",""
"Q3488828","Episode","The Apple","",""
"Q3494387","Episode","Dead Stop","",""
"Q3496852","Episode","The Price","",""
"Q3506742","Episode","All Our Yesterdays","",""
"Q3511648","Episode","Scorpion","",""
"Q3544187","Episode","Precious Cargo","",""
"Q4486161","Episode","The Thaw","",""
"Q4658162","Episode","A Matter of Perspective","",""
"Q4672505","Episode","Accession","",""
"Q4709451","Episode","Albatross","",""
"Q4792566","Episode","Armageddon Game","",""
"Q4825905","Episode","Author, Author","",""
"Q4884981","Episode","Bem","",""
"Q4900128","Episode","Beyond the Farthest Star","",""
"Q5021681","Episode","Call to Arms","",""
"Q5071858","Episode","Change of Heart","",""
"Q5099345","Episode","Chimera","",""
"Q5114390","Episode","Chrysalis","",""
"Q5136591","Episode","Clues","",""
"Q5142258","Episode","Cold Fire","",""
"Q5158470","Episode","Concerning Flight","",""
"Q5178161","Episode","Course: Oblivion","",""
"Q5186601","Episode","Critical Care","",""
"Q5221208","Episode","Arena","",""
"Q5223237","Episode","Dark Frontier","",""
"Q5256188","Episode","Demon","",""
"Q5267117","Episode","Devil's Due","",""
"Q5281321","Episode","Disaster","",""
"Q5282602","Episode","Displaced","",""
"Q5287295","Episode","Doctor Bashir, I Presume?","",""
"Q5305772","Episode","Dramatis Personae","",""
"Q5384474","Episode","Equilibrium","",""
"Q5422355","Episode","Extreme Measures","",""
"Q5422369","Episode","Extreme Risk","",""
"Q5422700","Episode","Eye of the Needle","",""
"Q5423474","Episode","E²","",""
"Q5436666","Episode","Fascination","",""
"Q5467020","Episode","For the Cause","",""
"Q5467149","Episode","For the Uniform","",""
"Q5467482","Episode","Force of Nature","",""
"Q5477914","Episode","Frame of Mind","",""
"Q5504409","Episode","Friendship One","",""
"Q5510689","Episode","Future Imperfect","",""
"Q5582927","Episode","Good Shepherd","",""
"Q5598039","Episode","Gravity","",""
"Q5655423","Episode","Hard Time","",""
"Q5890492","Episode","Homestead","",""
"Q5899622","Episode","Hope and Fear","",""
"Q5944738","Episode","Hunters","",""
"Q5988287","Episode","Identity Crisis","",""
"Q5990802","Episode","If Wishes Were Horses","",""
"Q6010920","Episode","In Theory","",""
"Q6025158","Episode","Indiscretion","",""
"Q6033783","Episode","Inheritance","",""
"Q6036887","Episode","Inquisition","",""
"Q6059765","Episode","Invasive Procedures","",""
"Q6539456","Episode","Liaisons","",""
"Q6544922","Episode","Life Line","",""
"Q6544989","Episode","Life Support","",""
"Q6659370","Episode","Living Witness","",""
"Q6675418","Episode","Looking for par'Mach in All the Wrong Places","",""
"Q6748463","Episode","Maneuvers","",""
"Q7033193","Episode","Night","",""
"Q7033819","Episode","Nightingale","",""
"Q7049114","Episode","Non Sequitur","",""
"Q7062763","Episode","Nothing Human","",""
"Q7091790","Episode","Once More Unto the Breach","",""
"Q7092819","Episode","One Little Ship","",""
"Q7135031","Episode","Parallels","",""
"Q7142921","Episode","Past Tense","",""
"Q7144754","Episode","Pathfinder","",""
"Q7165351","Episode","Penumbra","",""
"Q7247600","Episode","Prodigal Daughter","",""
"Q7250266","Episode","Prophecy","",""
"Q7250287","Episode","Prophet Motive","",""
"Q7291955","Episode","Random Thoughts","",""
"Q7294386","Episode","Rapture","",""
"Q7300960","Episode","Real Life","",""
"Q7305751","Episode","Redemption","",""
"Q7315703","Episode","Resolutions","",""
"Q7316518","Episode","Resurrection","",""
"Q7379022","Episode","Rules of Acquisition","",""
"Q7379029","Episode","Rules of Engagement","",""
"Q7431504","Episode","Schisms","",""
"Q7462541","Episode","Shakaar","",""
"Q7621339","Episode","Strange Bedfellows","",""
"Q7673930","Episode","Tacking into the Wind","",""
"Q7684563","Episode","Tapestry","",""
"Q7713246","Episode","The Alternate","",""
"Q7714891","Episode","The Augments","",""
"Q7716357","Episode","The Begotten","",""
"Q7722096","Episode","The Changing Face of Evil","",""
"Q7723031","Episode","The Chute","",""
"Q7729572","Episode","The Defector","",""
"Q7730545","Episode","The Dogs of War","",""
"Q7732182","Episode","The Enemy","",""
"Q7732278","Episode","The Ensigns of Command","",""
"Q7740379","Episode","The Host","",""
"Q7743099","Episode","The Jem'Hadar","",""
"Q7753998","Episode","The Next Phase","",""
"Q7756243","Episode","The Passenger","",""
"Q7756695","Episode","The Perfect Mate","",""
"Q7757988","Episode","The Practical Joker","",""
"Q7759503","Episode","The Raven","",""
"Q7759792","Episode","The Reckoning","",""
"Q7762826","Episode","The Search","",""
"Q7764119","Episode","The Siege of AR-558","",""
"Q7766854","Episode","The Storyteller","",""
"Q7767549","Episode","The Survivor","",""
"Q7769334","Episode","The Time Trap","",""
"Q7773920","Episode","The Way of the Warrior","",""
"Q7784320","Episode","Thine Own Self","",""
"Q7785215","Episode","Thirty Days","",""
"Q7798467","Episode","Through the Looking Glass","",""
"Q7804770","Episode","Time's Arrow","",""
"Q7805539","Episode","Timeless","",""
"Q7836540","Episode","Treachery, Faith, and the Great River","",""
"Q7887305","Episode","United","",""
"Q7893741","Episode","Unity","",""
"Q7933105","Episode","Violations","",""
"Q7969397","Episode","Warhead","",""
"Q7969525","Episode","Warlord","",""
"Q8034838","Episode","Workforce","",""
"Q10857017","Episode","In the Flesh","",""
"Q11729803","Episode","The Terratin Incident","",""
"Q11774134","Episode","More Tribbles, More Troubles","",""
"Q12036402","Episode","Meridian","",""
"Q16744043","Episode","Juggernaut","",""
"Q16744066","Episode","Infinite Regress","",""
"Q20963","Episode","The Counter-Clock Incident","",""
"Q25366","Episode","Where No Man Has Gone Before","","1966-09-22"
"Q125917","Episode","Q2","",""
"Q426790","Episode","The Omega Glory","",""
"Q471896","Episode","In the Pale Moonlight","",""
"Q520622","Episode","Patterns of Force","",""
"Q722293","Episode","The Best of Both Worlds","","1990-06-18"
"Q744652","Episode","The Andorian Incident","",""
"Q796793","Episode","All Good Things...","","1994-05-23"
"Q897951","Episode","Message in a Bottle","",""
"Q981113","Episode","What Are Little Girls Made Of?","",""
"Q1016685","Episode","The Cloud","",""
"Q1027348","Episode","The Expanse","",""
"Q1027877","Episode","Crossfire","",""
"Q1058477","Episode","The Neutral Zone","","1988-05-16"
"Q1092502","Episode","Return to Grace","",""
"Q1136071","Episode","The Doomsday Machine","",""
"Q1136084","Episode","The Trouble With Tribbles","",""
"Q1315800","Episode","The Devil in the Dark","",""
"Q1392472","Episode","Skin of Evil","",""
"Q1847020","Episode","Carbon Creek","",""
"Q1916626","Episode","The Seventh","",""
"Q2004297","Episode","The Crossing","",""
"Q2139300","Episode","Cold Front","",""
"Q2153354","Episode","Anomaly","",""
"Q2313211","Episode","Oasis","",""
"Q2342342","Episode","The Catwalk","",""
"Q2390392","Episode","Fortunate Son","",""
"Q2406293","Episode","The Conscience of the King","",""
"Q2787702","Episode","Acquisition","",""
"Q2915551","Episode","The Inner Light","",""
"Q2984478","Episode","The Naked Time","","1966-01-01"
"Q2996346","Episode","North Star","",""
"Q3177080","Episode","Déjà Q","",""
"Q3204716","Episode","Stratagem","",""
"Q3280032","Episode","Conspiracy","",""
"Q3441834","Episode","Coming of Age","",""
"Q3441887","Episode","Elementary, Dear Data","","1988-12-05"
"Q3441896","Episode","The Schizoid Man","",""
"Q3441900","Episode","Unnatural Selection","",""
"Q3444409","Episode","The Royale","",""
"Q3444506","Episode","A Matter of Honor","",""
"Q3445450","Episode","When the Bough Breaks","",""
"Q3487137","Episode","Wolf in the Fold","",""
"Q3487169","Episode","A Private Little War","",""
"Q3487385","Episode","Spectre of the Gun","",""
"Q3487409","Episode","The Empath","",""
"Q3487421","Episode","The Squire of Gothos","",""
"Q3487430","Episode","The Return of the Archons","",""
"Q3487499","Episode","Assignment: Earth","",""
"Q3488439","Episode","Day of the Dove","",""
"Q3488474","Episode","The Immunity Syndrome","",""
"Q3488808","Episode","Wink of an Eye","",""
"Q3488820","Episode","Spock's Brain","",""
"Q3488835","Episode","The Ultimate Computer","",""
"Q3488866","Episode","Elaan of Troyius","",""
"Q3496188","Episode","The Offspring","",""
"Q3499742","Episode","Yesteryear","",""
"Q3506608","Episode","Requiem for Methuselah","",""
"Q3506645","Episode","Peak Performance","",""
"Q3506721","Episode","The Lights of Zetar","",""
"Q3507014","Episode","The Mark of Gideon","",""
"Q3507065","Episode","The Way to Eden","",""
"Q3514952","Episode","Darkling","",""
"Q3549975","Episode","Unimatrix Zero","",""
"Q3562193","Episode","Let That Be Your Last Battlefield","",""
"Q3615297","Episode","Doctor's Orders","",""
"Q4545107","Episode","...Nor the Battle to the Strong","",""
"Q4547735","Episode","11:59","",""
"Q4658168","Episode","A Matter of Time","",""
"Q4747498","Episode","Amok Time","","1967-09-15"
"Q4782889","Episode","Aquiel","",""
"Q4925626","Episode","Blaze of Glory","",""
"Q4927657","Episode","Blood Oath","",""
"Q4927975","Episode","Bloodlines","",""
"Q4944660","Episode","Borderland","",""
"Q5038249","Episode","Cardassians","",""
"Q5106979","Episode","Plato's Stepchildren","",""
"Q5142384","Episode","Cold Station 12","",""
"Q5166046","Episode","Conundrum","",""
"Q5188759","Episode","Crossover","",""
"Q5230255","Episode","Extinction","",""
"Q5242724","Episode","Dax","",""
"Q5242932","Episode","Day of Honor","",""
"Q5256284","Episode","Demons","",""
"Q5265257","Episode","Destiny","",""
"Q5282901","Episode","Distant Origin","",""
"Q5305068","Episode","Dragon's Teeth","",""
"Q5370534","Episode","Emergence","",""
"Q5374391","Episode","Empok Nor","",""
"Q5376099","Episode","Endgame","",""
"Q5380005","Episode","Ensign Ro","",""
"Q5421397","Episode","Explorers","",""
"Q5422685","Episode","Eye of the Beholder","",""
"Q5428534","Episode","Facets","",""
"Q5438625","Episode","Favorite Son","",""
"Q5452876","Episode","First Contact","",""
"Q5519638","Episode","Gambit","",""
"Q5918105","Episode","How Sharper Than a Serpent's Tooth","",""
"Q6002452","Episode","Imaginary Friend","",""
"Q6006311","Episode","Imperfection","",""
"Q6414725","Episode","Kir'Shara","",""
"Q6725235","Episode","Macrocosm","",""
"Q6746424","Episode","Man of the People","",""
"Q6812079","Episode","Meld","",""
"Q6926483","Episode","Move Along Home","",""
"Q6931590","Episode","Mudd's Passion","",""
"Q6991120","Episode","Nemesis","",""
"Q7092425","Episode","One","",""
"Q7093205","Episode","One Small Step","",""
"Q7134227","Episode","Paradise","",""
"Q7140870","Episode","Parturition","",""
"Q7162099","Episode","Pen Pals","",""
"Q7236386","Episode","Power Play","",""
"Q7242454","Episode","Prey","",""
"Q7243264","Episode","Prime Factors","",""
"Q7248297","Episode","Profit and Lace","",""
"Q7252175","Episode","Prototype","",""
"Q7311642","Episode","Remember","",""
"Q7311668","Episode","Remember Me","",""
"Q7314269","Episode","Repression","",""
"Q7397363","Episode","Sacrifice of Angels","",""
"Q7415701","Episode","Sanctuary","",""
"Q7423845","Episode","Sarek","",""
"Q7460758","Episode","Shadowplay","",""
"Q7525019","Episode","Sins of the Father","",""
"Q7557432","Episode","Soldiers of the Empire","",""
"Q7562328","Episode","Sons of Mogh","",""
"Q7602415","Episode","Starship Down","",""
"Q7603745","Episode","State of Flux","",""
"Q7604375","Episode","Statistical Probabilities","",""
"Q7630674","Episode","Sub Rosa","",""
"Q7649264","Episode","Suspicions","",""
"Q7677716","Episode","Take Me Out to the Holosuite","",""
"Q7703141","Episode","Terra Prime","",""
"Q7711875","Episode","The 37's","",""
"Q7712075","Episode","The Abandoned","",""
"Q7714639","Episode","The Ascent","",""
"Q7714714","Episode","The Assignment","",""
"Q7726666","Episode","The Collaborator","",""
"Q7727741","Episode","The Council","",""
"Q7730324","Episode","The Disease","",""
"Q7735700","Episode","The Game","",""
"Q7739598","Episode","The High Ground","",""
"Q7741062","Episode","The Hunted","",""
"Q7750621","Episode","The Masterpiece Society","",""
"Q7751507","Episode","The Mind's Eye","",""
"Q7752695","Episode","The Muse","",""
"Q7755633","Episode","The Outcast","",""
"Q7757264","Episode","The Pirates of Orion","",""
"Q7758878","Episode","The Quality of Life","",""
"Q7767762","Episode","The Sword of Kahless","",""
"Q7772167","Episode","The Vengeance Factor","",""
"Q7775217","Episode","The Wire","",""
"Q7798098","Episode","Threshold","",""
"Q7806584","Episode","Timescape","",""
"Q7808311","Episode","Tinker, Tenor, Doctor, Spy","",""
"Q7850228","Episode","Tsunkatse","",""
"Q7857147","Episode","Tuvix","",""
"Q7935331","Episode","Vis à Vis","",""
"Q7961167","Episode","Waking Moments","",""
"Q8563741","Episode","Flesh and Blood","",""
"Q11863377","Episode","The House of Quark","",""
"Q12031611","Episode","The Circle","",""
"Q12041709","Episode","The Homecoming","",""
"Q13115914","Episode","Investigations","",""
"Q13403516","Episode","Virtuoso","",""
"Q13639300","Episode","Jetrel","",""
"Q14045941","Episode","Brothers","",""
"Q15882750","Episode","","",""
"Q16743891","Episode","I, Borg","",""
"Q16744047","Episode","Half a Life","",""
"Q16744174","Episode","His Way","",""
"Q16744191","Episode","Natural Law","",""
"Q370412","Episode","Elogium","",""
"Q390014","Episode","Descent","",""
"Q602046","Episode","Cogenitor","",""
"Q722470","Episode","Yesterday's Enterprise","",""
"Q861673","Episode","First Flight","",""
"Q861686","Episode","Bounty","",""
"Q926323","Episode","Miri","",""
"Q1102231","Episode","Hide and Q","",""
"Q1287667","Episode","The Man Trap","","1966-01-01"
"Q1860938","Episode","Fusion","",""
"Q1967172","Episode","Rogue Planet","",""
"Q1975616","Episode","Unexpected","",""
"Q1976840","Episode","Time and Again","",""
"Q2086809","Episode","Shockwave","",""
"Q2122661","Episode","Dear Doctor","",""
"Q2133397","Episode","Fallen Hero","",""
"Q2213032","Episode","Sleeping Dogs","",""
"Q2402314","Episode","A Night in Sickbay","",""
"Q2469115","Episode","These Are the Voyages...","",""
"Q2528593","Episode","Rajiin","",""
"Q2606256","Episode","Awakening","",""
"Q2646751","Episode","Exile","",""
"Q2659593","Episode","Charlie X","","1966-01-01"
"Q2674495","Episode","Stigma","",""
"Q2743075","Episode","Impulse","",""
"Q2798685","Episode","The Forge","",""
"Q2836506","Episode","Dark Page","",""
"Q2955489","Episode","Dawn","",""
"Q2984502","Episode","The Enemy Within","","1966-01-01"
"Q3060753","Episode","Carpenter Street","",""
"Q3178411","Episode","Balance of Terror","",""
"Q3231795","Episode","Lonely Among Us","",""
"Q3435698","Episode","Where No One Has Gone Before","",""
"Q3441864","Episode","Time Squared","",""
"Q3441905","Episode","The Child","",""
"Q3444361","Episode","Loud as a Whisper","",""
"Q3444382","Episode","The Outrageous Okona","",""
"Q3487115","Episode","By Any Other Name","",""
"Q3487125","Episode","A Taste of Armageddon","",""
"Q3487395","Episode","Shore Leave","",""
"Q3487426","Episode","Friday's Child","",""
"Q3488452","Episode","For the World Is Hollow and I Have Touched the Sky","",""
"Q3488816","Episode","The Changeling","",""
"Q3488859","Episode","Errand of Mercy","",""
"Q3488875","Episode","The Deadly Years","",""
"Q3496861","Episode","Shades of Gray","",""
"Q3506683","Episode","The Savage Curtain","",""
"Q3506698","Episode","The Cloud Minders","",""
"Q3507037","Episode","The Measure of a Man","",""
"Q3507056","Episode","Past Prologue","",""
"Q3507140","Episode","Emissary","",""
"Q3511657","Episode","Unforgettable","",""
"Q3514957","Episode","Rise","",""
"Q3535952","Episode","Home","",""
"Q4660181","Episode","A Time to Stand","",""
"Q4689014","Episode","Affliction","",""
"Q4690723","Episode","Afterimage","",""
"Q4725701","Episode","Alice","",""
"Q4731367","Episode","Allegiance","",""
"Q4732489","Episode","Alliances","",""
"Q4736275","Episode","Alter Ego","",""
"Q4780087","Episode","Apocalypse Rising","",""
"Q4817884","Episode","Attached","",""
"Q4832296","Episode","Azati Prime","",""
"Q4837696","Episode","Babel One","",""
"Q4840668","Episode","Badda-Bing Badda-Bang","",""
"Q4857904","Episode","Bar Association","",""
"Q4867063","Episode","Basics","",""
"Q4870070","Episode","Battle Lines","",""
"Q4880854","Episode","Behind the Lines","",""
"Q4926829","Episode","Bliss","",""
"Q4927610","Episode","Blood Fever","",""
"Q5001844","Episode","Business as Usual","",""
"Q5036491","Episode","Captain's Holiday","",""
"Q5053018","Episode","Cathexis","",""
"Q5097656","Episode","Child's Play","",""
"Q5098503","Episode","Children of Time","",""
"Q5106989","Episode","The Tholian Web","",""
"Q5146129","Episode","Collective","",""
"Q5174778","Episode","Cost of Living","",""
"Q5211882","Episode","Damage","",""
"Q5224065","Episode","Darmok","",""
"Q5227090","Episode","Data's Day","",""
"Q5251542","Episode","Defiant","",""
"Q5251718","Episode","Space Seed","",""
"Q5251725","Episode","Journey to Babel","",""
"Q5252917","Episode","Tomorrow Is Yesterday","",""
"Q5282919","Episode","Distant Voices","",""
"Q5306226","Episode","Dreadnought","",""
"Q5308319","Episode","Drone","",""
"Q5368979","Episode","Emanations","",""
"Q5403445","Episode","Ethics","",""
"Q5419170","Episode","Ex Post Facto","",""
"Q5429820","Episode","Fair Haven","",""
"Q5429920","Episode","Fair Trade","",""
"Q5434517","Episode","Far Beyond the Stars","",""
"Q5444067","Episode","Ferengi Love Songs","",""
"Q5449415","Episode","Final Mission","",""
"Q5509836","Episode","Fury","",""
"Q5510597","Episode","Future's End","",""
"Q5881753","Episode","Hollow Pursuits","",""
"Q6007716","Episode","Improbable Cause","",""
"Q6010490","Episode","In Purgatory's Shadow","",""
"Q6012254","Episode","In the Hands of the Prophets","",""
"Q6035948","Episode","Innocence","",""
"Q6037663","Episode","Inside Man","",""
"Q6090638","Episode","It's Only a Paper Moon","",""
"Q6510101","Episode","Learning Curve","",""
"Q6517221","Episode","Legacy","",""
"Q6532683","Episode","Let He Who Is Without Sin...","",""
"Q6693437","Episode","Lower Decks","",""
"Q6815335","Episode","Memorial","",""
"Q6914361","Episode","Mortal Coil","",""
"Q6950089","Episode","Ménage à Troi","",""
"Q7075484","Episode","Observer Effect","",""
"Q7091852","Episode","Once Upon a Time","",""
"Q7093540","Episode","One of Our Planets Is Missing","",""
"Q7170394","Episode","Persistence of Vision","",""
"Q7248298","Episode","Profit and Loss","",""
"Q7265274","Episode","Q-Less","",""
"Q7268179","Episode","Qpid","",""
"Q7294741","Episode","Rascals","",""
"Q7312433","Episode","Renaissance Man","",""
"Q7313969","Episode","Repentance","",""
"Q7315598","Episode","Resistance","",""
"Q7317056","Episode","Retrospect","",""
"Q7318993","Episode","Revulsion","",""
"Q7332445","Episode","Riddles","",""
"Q7355570","Episode","Rocks and Shoals","",""
"Q7397085","Episode","Sacred Ground","",""
"Q7433765","Episode","Scientific Method","",""
"Q7443536","Episode","Second Sight","",""
"Q7443548","Episode","Second Skin","",""
"Q7460803","Episode","Shadows and Symbols","",""
"Q7559720","Episode","Someone to Watch Over Me","",""
"Q7562276","Episode","Sons and Daughters","",""
"Q7577884","Episode","Spirit Folk","",""
"Q7602421","Episode","Starship Mine","",""
"Q7712734","Episode","The Aenar","",""
"Q7719097","Episode","The Bonding","",""
"Q7730148","Episode","The Die Is Cast","",""
"Q7731084","Episode","The Drumhead","",""
"Q7734119","Episode","The First Duty","",""
"Q7734822","Episode","The Forgotten","",""
"Q7734869","Episode","The Forsaken","",""
"Q7743259","Episode","The Jihad","",""
"Q7752382","Episode","The Most Toys","",""
"Q7753005","Episode","The Nagus","",""
"Q7754466","Episode","The Nth Degree","",""
"Q7756499","Episode","The Pegasus","",""
"Q7763836","Episode","The Ship","",""
"Q7764112","Episode","The Siege","",""
"Q7767608","Episode","The Swarm","",""
"Q7773130","Episode","The Voyager Conspiracy","",""
"Q7784383","Episode","Things Past","",""
"Q7801142","Episode","Ties of Blood and Water","",""
"Q7804777","Episode","Time's Orphan","",""
"Q7811250","Episode","To the Death","",""
"Q7858507","Episode","Twisted","",""
"Q7911634","Episode","Valiant","",""
"Q7936219","Episode","Visionary","",""
"Q7966822","Episode","Waltz","",""
"Q8010281","Episode","Relativity","",""
"Q10361338","Episode","Rightful Heir","",""
"Q13115900","Episode","Initiations","",""
"Q14476529","Episode","The Q and the Grey","",""
"Q16744119","Episode","Silicon Avatar","",""
"Q16744121","Episode","Hero Worship","",""
"Q16744675","Episode","Human Error","",""
"Q20909","Episode","The Cage","","1988-10-15"
"Q81313","Episode","Little Green Men","",""
"Q269313","Episode","Deadlock","",""
"Q497320","Episode","Horizon","",""
"Q601736","Episode","The Breach","",""
"Q602612","Episode","Homefront","",""
"Q619989","Episode","The Menagerie","",""
"Q622282","Episode","The City on the Edge of Forever","",""
"Q653011","Episode","Q Who","",""
"Q764748","Episode","Regeneration","",""
"Q785059","Episode","The Battle","",""
"Q865358","Episode","Cause and Effect","",""
"Q901789","Episode","11001001","",""
"Q971746","Episode","Homeward","",""
"Q987352","Episode","Parallax","",""
"Q1027888","Episode","Paradise Lost","",""
"Q1185745","Episode","The Xindi","",""
"Q1329701","Episode","Equinox","",""
"Q2309926","Episode","Desert Crossing","",""
"Q2324529","Episode","Shadows of P'Jem","",""
"Q2406528","Episode","Canamar","",""
"Q2435282","Episode","Terra Nova","",""
"Q2465692","Episode","Silent Enemy","",""
"Q2653668","Episode","Singularity","",""
"Q2720471","Episode","Two Days and Two Nights","",""
"Q2944448","Episode","Twilight","",""
"Q3078761","Episode","Chosen Realm","",""
"Q3141435","Episode","Manhunt","",""
"Q3231807","Episode","The Naked Now","",""
"Q3239271","Episode","Encounter at Farpoint","",""
"Q3275179","Episode","Where Silence Has Lease","",""
"Q3312529","Episode","Mirror, Mirror","",""
"Q3435716","Episode","Datalore","",""
"Q3441872","Episode","Samaritan Snare","",""
"Q3444395","Episode","Heart of Glory","",""
"Q3444400","Episode","We'll Always Have Paris","",""
"Q3444431","Episode","Contagion","",""
"Q3444454","Episode","Home Soil","",""
"Q3444480","Episode","Symbiosis","",""
"Q3487187","Episode","Catspaw","",""
"Q3487379","Episode","Bread and Circuses","",""
"Q3487437","Episode","The Alternative Factor","",""
"Q3487459","Episode","Is There in Truth No Beauty?","",""
"Q3487465","Episode","Obsession","",""
"Q3496615","Episode","Masks","",""
"Q3497290","Episode","The Emissary","",""
"Q3499413","Episode","The Slaver Weapon","",""
"Q3507025","Episode","Babel","",""
"Q3507047","Episode","That Which Survives","",""
"Q3507079","Episode","Turnabout Intruder","",""
"Q3507090","Episode","A Man Alone","",""
"Q4540538","Episode","'Til Death Do Us Part","",""
"Q4656785","Episode","A Fistful of Datas","",""
"Q4659524","Episode","A Simple Investigation","",""
"Q4860559","Episode","Barge of the Dead","",""
"Q4880330","Episode","Before and After","",""
"Q4917094","Episode","Birthright","",""
"Q4926755","Episode","Blink of an Eye","",""
"Q4936845","Episode","Body Parts","",""
"Q4936885","Episode","Body and Soul","",""
"Q4942782","Episode","Booby Trap","",""
"Q4949851","Episode","Bound","",""
"Q4966112","Episode","Bride of Chaotica!","",""
"Q4973426","Episode","Broken Link","",""
"Q5003795","Episode","By Inferno's Light","",""
"Q5036940","Episode","Captive Pursuit","",""
"Q5124470","Episode","Civil Defense","",""
"Q5139940","Episode","Coda","",""
"Q5177009","Episode","Counterpoint","",""
"Q5178967","Episode","Covenant","",""
"Q5221200","Episode","This Side of Paradise","",""
"Q5231126","Episode","Family","",""
"Q5247250","Episode","Death Wish","",""
"Q5283895","Episode","Divergence","",""
"Q5307890","Episode","Drive","",""
"Q5312248","Episode","Duet","",""
"Q5418604","Episode","Evolution","",""
"Q5428381","Episode","Face of the Enemy","",""
"Q5428493","Episode","Faces","",""
"Q5432663","Episode","False Profits","",""
"Q5433061","Episode","Family Business","",""
"Q5447098","Episode","Field of Fire","",""
"Q5454276","Episode","Firstborn","",""
"Q5457585","Episode","Flashback","",""
"Q5518088","Episode","Galaxy's Child","",""
"Q5681083","Episode","Hatchery","",""
"Q5692366","Episode","Heart of Stone","",""
"Q5743163","Episode","Heroes and Demons","",""
"Q5768440","Episode","Hippocratic Oath","",""
"Q5896757","Episode","Honor Among Thieves","",""
"Q6011950","Episode","In the Cards","",""
"Q6046260","Episode","Interface","",""
"Q6270441","Episode","Ship in a Bottle","",""
"Q6273110","Episode","The Ambergris Element","",""
"Q6296296","Episode","Journey's End","",""
"Q6495479","Episode","Latent Image","",""
"Q6545463","Episode","Lifesigns","",""
"Q6553367","Episode","Lineage","",""
"Q6655128","Episode","Live Fast and Prosper","",""
"Q6940423","Episode","Muse","",""
"Q7033484","Episode","Night Terrors","",""
"Q7091827","Episode","Once Upon a Planet","",""
"Q7111082","Episode","Our Man Bashir","",""
"Q7180525","Episode","Phantasms","",""
"Q7203395","Episode","Playing God","",""
"Q7239746","Episode","Preemptive Strike","",""
"Q7248535","Episode","Progress","",""
"Q7249457","Episode","Projections","",""
"Q7301329","Episode","Realm of Fear","",""
"Q7311060","Episode","Relics","",""
"Q7317572","Episode","Reunion","",""
"Q7336981","Episode","Rivals","",""
"Q7443179","Episode","Second Chances","",""
"Q7490690","Episode","Shattered","",""
"Q7490705","Episode","Shattered Mirror","",""
"Q7620128","Episode","Storm Front","",""
"Q7633644","Episode","Suddenly Human","",""
"Q7647180","Episode","Survival Instinct","",""
"Q7688450","Episode","Tattoo","",""
"Q7691829","Episode","Tears of the Prophets","",""
"Q7712702","Episode","The Adversary","",""
"Q7722230","Episode","The Chase","",""
"Q7729055","Episode","The Darkness and the Light","",""
"Q7731917","Episode","The Emperor's New Cloak","",""
"Q7732922","Episode","The Eye of the Beholder","",""
"Q7733795","Episode","The Fight","",""
"Q7736403","Episode","The Gift","",""
"Q7739036","Episode","The Haunting of Deck Twelve","",""
"Q7741973","Episode","The Infinite Vulcan","",""
"Q7744356","Episode","The Killing Game","",""
"Q7748494","Episode","The Lorelei Signal","",""
"Q7748511","Episode","The Loss","",""
"Q7749553","Episode","The Magicks of Megas-tu","",""
"Q7749576","Episode","The Magnificent Ferengi","",""
"Q7750266","Episode","The Maquis","",""
"Q7759084","Episode","The Quickening","",""
"Q7765426","Episode","The Sound of Her Voice","",""
"Q7773066","Episode","The Void","",""
"Q7776238","Episode","The Wounded","",""
"Q7807780","Episode","Tin Man","",""
"Q7834056","Episode","Transfigurations","",""
"Q7847507","Episode","True Q","",""
"Q7884883","Episode","Unification","",""
"Q7941907","Episode","Vortex","",""
"Q7991486","Episode","What You Leave Behind","",""
"Q7992626","Episode","When It Rains…","",""
"Q7993981","Episode","Whispers","",""
"Q7997343","Episode","Who Mourns for Morn?","",""
"Q7997416","Episode","Who Watches the Watchers","",""
"Q8037123","Episode","Worst Case Scenario","",""
"Q8038644","Episode","Wrongs Darker Than Death or Night","",""
"Q8050895","Episode","Year of Hell","",""
"Q8057703","Episode","You are Cordially Invited...","",""
"Q8069524","Episode","Zero Hour","",""
"Q12036362","Episode","Melora","",""
"Q12041492","Episode","Necessary Evil","",""
"Q12059643","Episode","Tribunal","",""
"Q13479268","Episode","Ashes to Ashes","",""
"Q14643756","Episode","Think tank","",""
"Q16744016","Episode","Countdown (Star Trek: Enterprise)","",""
"Q16744084","Episode","Inter Arma Enim Silent Leges","",""
"Q16744120","Episode","New Ground","",""
"Q16744156","Episode","Image in the Sand","",""
"Q16744188","Episode","Favor the Bold","",""
"Q20912","Episode","The Galileo Seven","",""
"Q428500","Episode","Genesis","",""
"Q511593","Episode","Lessons","",""
"Q644743","Episode","Marauders","",""
"Q652999","Episode","The Big Goodbye","",""
"Q661255","Episode","Phage","",""
"Q762939","Episode","Shuttlepod One","",""
"Q866375","Episode","In a Mirror, Darkly","",""
"Q974108","Episode","Court Martial","",""
"Q1141170","Episode","Chain of Command","",""
"Q1187077","Episode","The Corbomite Maneuver","",""
"Q1935547","Episode","Minefield","",""
"Q1973469","Episode","Strange New World","",""
"Q1974429","Episode","Fight or Flight","",""
"Q1994530","Episode","Daedalus","",""
"Q2121683","Episode","Caretaker","",""
"Q2134825","Episode","Detained","",""
"Q2158401","Episode","Trials and Tribble-ations","",""
"Q2360335","Episode","Vox Sola","",""
"Q2364567","Episode","Civilization","",""
"Q2524188","Episode","Breaking the Ice","",""
"Q2620129","Episode","The Communicator","",""
"Q2629417","Episode","Broken Bow","",""
"Q2664096","Episode","Mudd's Women","","1966-01-01"
"Q2704591","Episode","Cease Fire","",""
"Q2785404","Episode","Vanishing Point","",""
"Q2811418","Episode","The Shipment","",""
"Q2843483","Episode","Judgment","",""
"Q2890937","Episode","The Visitor","",""
"Q2891237","Episode","Rejoined","",""
"Q2936269","Episode","Future Tense","",""
"Q3018316","Episode","Similitude","",""
"Q3107459","Episode","Dagger of the Mind","",""
"Q3177733","Episode","Proving Ground","",""
"Q3205380","Episode","Harbinger","",""
"Q3231770","Episode","Code of Honor","",""
"Q3231778","Episode","Haven","",""
"Q3231803","Episode","Angel One","",""
"Q3232629","Episode","The Last Outpost","",""
"Q3272694","Episode","The Survivors","",""
"Q3435679","Episode","Too Short a Season","",""
"Q3435829","Episode","The Arsenal of Freedom","",""
"Q3436313","Episode","Justice","",""
"Q3441800","Episode","The Icarus Factor","",""
"Q3441829","Episode","Up the Long Ladder","",""
"Q3444444","Episode","The Dauphin","",""
"Q3487183","Episode","And the Children Shall Lead","",""
"Q3487393","Episode","Metamorphosis","",""
"Q3487403","Episode","Who Mourns for Adonais?","",""
"Q3487442","Episode","Operation: Annihilate!","",""
"Q3487448","Episode","Whom Gods Destroy","",""
"Q3487454","Episode","A Piece of the Action","",""
"Q3487477","Episode","Return to Tomorrow","",""
"Q3487489","Episode","The Paradise Syndrome","",""
"Q3488424","Episode","I, Mudd","",""
"Q3488463","Episode","The Gamesters of Triskelion","",""
"Q3488489","Episode","The Enterprise Incident","",""
"Q3488828","Episode","The Apple","",""
"Q3494387","Episode","Dead Stop","",""
"Q3496852","Episode","The Price","",""
"Q3506742","Episode","All Our Yesterdays","",""
"Q3511648","Episode","Scorpion","",""
"Q3544187","Episode","Precious Cargo","",""
"Q4486161","Episode","The Thaw","",""
"Q4658162","Episode","A Matter of Perspective","",""
"Q4672505","Episode","Accession","",""
"Q4709451","Episode","Albatross","",""
"Q4792566","Episode","Armageddon Game","",""
"Q4825905","Episode","Author, Author","",""
"Q4884981","Episode","Bem","",""
"Q4900128","Episode","Beyond the Farthest Star","",""
"Q5021681","Episode","Call to Arms","",""
"Q5071858","Episode","Change of Heart","",""
"Q5099345","Episode","Chimera","",""
"Q5114390","Episode","Chrysalis","",""
"Q5136591","Episode","Clues","",""
"Q5142258","Episode","Cold Fire","",""
"Q5158470","Episode","Concerning Flight","",""
"Q5178161","Episode","Course: Oblivion","",""
"Q5186601","Episode","Critical Care","",""
"Q5221208","Episode","Arena","",""
"Q5223237","Episode","Dark Frontier","",""
"Q5256188","Episode","Demon","",""
"Q5267117","Episode","Devil's Due","",""
"Q5281321","Episode","Disaster","",""
"Q5282602","Episode","Displaced","",""
"Q5287295","Episode","Doctor Bashir, I Presume?","",""
"Q5305772","Episode","Dramatis Personae","",""
"Q5384474","Episode","Equilibrium","",""
"Q5422355","Episode","Extreme Measures","",""
"Q5422369","Episode","Extreme Risk","",""
"Q5422700","Episode","Eye of the Needle","",""
"Q5423474","Episode","E²","",""
"Q5436666","Episode","Fascination","",""
"Q5467020","Episode","For the Cause","",""
"Q5467149","Episode","For the Uniform","",""
"Q5467482","Episode","Force of Nature","",""
"Q5477914","Episode","Frame of Mind","",""
"Q5504409","Episode","Friendship One","",""
"Q5510689","Episode","Future Imperfect","",""
"Q5582927","Episode","Good Shepherd","",""
"Q5598039","Episode","Gravity","",""
"Q5655423","Episode","Hard Time","",""
"Q5890492","Episode","Homestead","",""
"Q5899622","Episode","Hope and Fear","",""
"Q5944738","Episode","Hunters","",""
"Q5988287","Episode","Identity Crisis","",""
"Q5990802","Episode","If Wishes Were Horses","",""
"Q6010920","Episode","In Theory","",""
"Q6025158","Episode","Indiscretion","",""
"Q6033783","Episode","Inheritance","",""
"Q6036887","Episode","Inquisition","",""
"Q6059765","Episode","Invasive Procedures","",""
"Q6539456","Episode","Liaisons","",""
"Q6544922","Episode","Life Line","",""
"Q6544989","Episode","Life Support","",""
"Q6659370","Episode","Living Witness","",""
"Q6675418","Episode","Looking for par'Mach in All the Wrong Places","",""
"Q6748463","Episode","Maneuvers","",""
"Q7033193","Episode","Night","",""
"Q7033819","Episode","Nightingale","",""
"Q7049114","Episode","Non Sequitur","",""
"Q7062763","Episode","Nothing Human","",""
"Q7091790","Episode","Once More Unto the Breach","",""
"Q7092819","Episode","One Little Ship","",""
"Q7135031","Episode","Parallels","",""
"Q7142921","Episode","Past Tense","",""
"Q7144754","Episode","Pathfinder","",""
"Q7165351","Episode","Penumbra","",""
"Q7247600","Episode","Prodigal Daughter","",""
"Q7250266","Episode","Prophecy","",""
"Q7250287","Episode","Prophet Motive","",""
"Q7291955","Episode","Random Thoughts","",""
"Q7294386","Episode","Rapture","",""
"Q7300960","Episode","Real Life","",""
"Q7305751","Episode","Redemption","",""
"Q7315703","Episode","Resolutions","",""
"Q7316518","Episode","Resurrection","",""
"Q7379022","Episode","Rules of Acquisition","",""
"Q7379029","Episode","Rules of Engagement","",""
"Q7431504","Episode","Schisms","",""
"Q7462541","Episode","Shakaar","",""
"Q7621339","Episode","Strange Bedfellows","",""
"Q7673930","Episode","Tacking into the Wind","",""
"Q7684563","Episode","Tapestry","",""
"Q7713246","Episode","The Alternate","",""
"Q7714891","Episode","The Augments","",""
"Q7716357","Episode","The Begotten","",""
"Q7722096","Episode","The Changing Face of Evil","",""
"Q7723031","Episode","The Chute","",""
"Q7729572","Episode","The Defector","",""
"Q7730545","Episode","The Dogs of War","",""
"Q7732182","Episode","The Enemy","",""
"Q7732278","Episode","The Ensigns of Command","",""
"Q7740379","Episode","The Host","",""
"Q7743099","Episode","The Jem'Hadar","",""
"Q7753998","Episode","The Next Phase","",""
"Q7756243","Episode","The Passenger","",""
"Q7756695","Episode","The Perfect Mate","",""
"Q7757988","Episode","The Practical Joker","",""
"Q7759503","Episode","The Raven","",""
"Q7759792","Episode","The Reckoning","",""
"Q7762826","Episode","The Search","",""
"Q7764119","Episode","The Siege of AR-558","",""
"Q7766854","Episode","The Storyteller","",""
"Q7767549","Episode","The Survivor","",""
"Q7769334","Episode","The Time Trap","",""
"Q7773920","Episode","The Way of the Warrior","",""
"Q7784320","Episode","Thine Own Self","",""
"Q7785215","Episode","Thirty Days","",""
"Q7798467","Episode","Through the Looking Glass","",""
"Q7804770","Episode","Time's Arrow","",""
"Q7805539","Episode","Timeless","",""
"Q7836540","Episode","Treachery, Faith, and the Great River","",""
"Q7887305","Episode","United","",""
"Q7893741","Episode","Unity","",""
"Q7933105","Episode","Violations","",""
"Q7969397","Episode","Warhead","",""
"Q7969525","Episode","Warlord","",""
"Q8034838","Episode","Workforce","",""
"Q10857017","Episode","In the Flesh","",""
"Q11729803","Episode","The Terratin Incident","",""
"Q11774134","Episode","More Tribbles, More Troubles","",""
"Q12036402","Episode","Meridian","",""
"Q16744043","Episode","Juggernaut","",""
"Q16744066","Episode","Infinite Regress","",""
